Gareth;3D93A8E2-58EE-E06D-3E15-F01B79E99FBB;dolor@Suspendissealiquetmolestie.co.uk;1969-12-31;1
Burton;ECBA83BB-DFAA-E8BC-3E31-38EE5D11DEF5;dis.parturient.montes@atvelitCras.com;1969-12-31;2
Benedict;C42C0E03-CB8F-335C-B5F0-11E17C8B11EB;orci.Ut.semper@MorbimetusVivamus.edu;1969-12-31;3
Warren;B1967F2C-188D-C460-2DD7-2D98B05D9FE7;diam@imperdietnon.edu;1969-12-31;4
Garrison;B3AADA96-83ED-99D5-104B-16860EC00EC3;Integer.mollis.Integer@euturpisNulla.com;1969-12-31;5
Ian;11524308-6290-9E9E-1F9A-40C455707E42;nisl@utmiDuis.net;1969-12-31;6
Inga;C513F862-3694-149F-86DF-42FF571868D8;massa.non.ante@acmattis.com;1969-12-31;7
Indira;D9B9B6B5-C6D7-E145-224A-9D091E3CE36B;viverra.Donec@vulputatenisisem.ca;1969-12-31;8
Nathaniel;7E145C7E-544D-BF26-7605-758A6BF01E0E;ultricies.ornare.elit@Donecegestas.org;1969-12-31;9
Simon;9C9F8F39-D2B1-8A9E-D28A-7753D2D69D85;eget@luctusCurabitur.org;1969-12-31;10
Blake;