Name;Password;Email;BirthDate;Id
Gareth;3D93A8E2-58EE-E06D-3E15-F01B79E99FBB;dolor@Suspendissealiquetmolestie.co.uk;1969-12-31;1
Burton;ECBA83BB-DFAA-E8BC-3E31-38EE5D11DEF5;dis.parturient.montes@atvelitCras.com;1969-12-31;2
Benedict;C42C0E03-CB8F-335C-B5F0-11E17C8B11EB;orci.Ut.semper@MorbimetusVivamus.edu;1969-12-31;3
Warren;B1967F2C-188D-C460-2DD7-2D98B05D9FE7;diam@imperdietnon.edu;1969-12-31;4
Garrison;B3AADA96-83ED-99D5-104B-16860EC00EC3;Integer.mollis.Integer@euturpisNulla.com;1969-12-31;5
Ian;11524308-6290-9E9E-1F9A-40C455707E42;nisl@utmiDuis.net;1969-12-31;6
Inga;C513F862-3694-149F-86DF-42FF571868D8;massa.non.ante@acmattis.com;1969-12-31;7
Indira;D9B9B6B5-C6D7-E145-224A-9D091E3CE36B;viverra.Donec@vulputatenisisem.ca;1969-12-31;8
Nathaniel;7E145C7E-544D-BF26-7605-758A6BF01E0E;ultricies.ornare.elit@Donecegestas.org;1969-12-31;9
Simon;9C9F8F39-D2B1-8A9E-D28A-7753D2D69D85;eget@luctusCurabitur.org;1969-12-31;10
Blake;E0F1DCC8-16BA-8477-45B7-0DB50EBD093E;Aenean.euismod.mauris@adipiscinglacus.org;1969-12-31;11
September;E7A7138A-516B-DEF9-02F8-D145046F265F;a.scelerisque.sed@tellusidnunc.edu;1969-12-31;12
Gareth;4E415E89-2496-BF52-55A4-51106AE63B77;eu.tellus.eu@luctuslobortisClass.ca;1969-12-31;13
Chastity;B8510140-A4E3-7D87-E968-57F7B7499432;magna.nec.quam@congueturpis.edu;1969-12-31;14
Jakeem;72EBD1C2-82FE-1E35-B557-8691D34D35D7;hymenaeos@lobortisnisi.co.uk;1969-12-31;15
Prescott;28580E0C-0DF0-1E36-AF34-31DE298784BA;cubilia.Curae.Phasellus@vitaerisusDuis.ca;1969-12-31;16
Lacy;525D1B14-51D9-FA86-00C5-AB765023B058;sed@acfermentumvel.co.uk;1969-12-31;17
Zorita;63D36B26-3FFE-E963-41D7-D62BF23E0193;dictum@id.org;1969-12-31;18
Cameran;49561B37-E26C-E00D-627F-D685DD0D3DC7;neque.et@Nullamscelerisqueneque.co.uk;1969-12-31;19
Daquan;11396857-0DE8-20D1-13C6-926DB691F370;dolor.dapibus@euismod.ca;1969-12-31;20
Ira;B1F36E7B-7FDB-E445-7743-B65ACC98CA1C;dolor@convallisligula.com;1969-12-31;21
Devin;6DE48D15-B011-8EC6-E157-220B55102AA8;Donec@risus.ca;1969-12-31;22
Conan;07D6F691-4DBB-F021-D1C8-CE1FD290D913;Duis.ac@commodotincidunt.co.uk;1969-12-31;23
Clark;ECDE5A72-EC50-7492-A660-F6159A7F79DA;aliquet.magna@viverraDonectempus.net;1969-12-31;24
Avram;253D25FA-C15E-576A-A6CD-26DF1EE56F42;quis.tristique.ac@congueInscelerisque.ca;1969-12-31;25
Haley;E609728C-EFA2-AEA8-A50E-95295A985AFD;iaculis.nec@liberoduinec.net;1969-12-31;26
Richard;F59EA277-DB0A-62D6-DF16-44FB8F8F3925;lectus@ultriciessemmagna.ca;1969-12-31;27
Allen;EAB5428D-927E-21E9-2743-5F8CCD8BB926;elit.Etiam@mollislectus.net;1969-12-31;28
Carson;CDCC8D54-72F1-E4BE-5A6A-EBB02D3A7CA5;purus.accumsan.interdum@massaSuspendisse.org;1969-12-31;29
Kevyn;E2B724D3-DA21-5361-8F19-A31A468E5081;metus.sit@veliteget.net;1969-12-31;30
Nicole;3861AC78-7E1E-DED2-5F00-F2C57139A86F;orci.lobortis.augue@tellus.edu;1969-12-31;31
Shelley;42D83EE4-D008-10FC-9294-6F7407C48634;vulputate@anteVivamusnon.org;1969-12-31;32
Elizabeth;31BA36F1-536E-0DE0-CF45-D74FB9A14B2C;fermentum.convallis@asollicitudin.co.uk;1969-12-31;33
Adena;912F1B82-7135-38C3-629C-13C8B5541FF9;netus.et.malesuada@nislelementum.net;1969-12-31;34
Dorian;4A760B5D-98F2-8A86-DA6D-ECF8D2E68530;est.Nunc.laoreet@nectempus.com;1969-12-31;35
Raymond;0D5E5B83-C58C-3827-50A1-7986985E25ED;eros.non.enim@egestasrhoncusProin.net;1969-12-31;36
Sopoline;3BBD967F-77EB-2A6C-A137-34A1FF28E8C1;blandit.Nam.nulla@antebibendumullamcorper.org;1969-12-31;37
Desiree;D94AF516-562C-B80B-1B0D-24DD5F260E4B;ut@lacusCras.com;1969-12-31;38
Ruth;39BBFD82-E9BF-6B76-F3CF-74ECC2FAFA95;nisl@nullaDonecnon.com;1969-12-31;39
Isadora;03FFCA67-ADCC-34DC-9ADB-330905966D7C;facilisis.magna.tellus@blanditviverra.net;1969-12-31;40
Lavinia;A7FF71D2-D340-3576-25E4-BC55689CC5BD;Praesent.luctus@Quisquefringillaeuismod.com;1969-12-31;41
Candace;2EE5D906-517B-5A42-8534-F312C6A0CC85;non@nonlobortisquis.org;1969-12-31;42
Hunter;36D22C3C-2F1E-8897-9DC9-D4985819425C;sollicitudin@eget.net;1969-12-31;43
Wynne;8DFE8460-991D-FA07-6D85-82E4BFBCEC34;lacus.pede.sagittis@primisin.net;1969-12-31;44
Grant;00F6D018-5317-9643-2062-4B6604EBC344;vitae@erosnec.net;1969-12-31;45
Zephania;FFC56D4A-1238-EAF3-140D-D415CDE16026;Donec@utmolestiein.net;1969-12-31;46
Lucius;79F9E1B4-9B8F-C62E-0C34-96BF891F040A;euismod@atortorNunc.com;1969-12-31;47
August;92787655-F74F-7757-9F85-B436411A964E;neque.Sed.eget@telluslorem.edu;1969-12-31;48
Bruno;37BE12A5-FB23-1CCA-7B64-C97065A375C4;Phasellus@netusetmalesuada.ca;1969-12-31;49
Rajah;36C6269C-7A73-7680-B825-17BF0A7F93F9;ipsum.ac@nibhlacinia.com;1969-12-31;50
Penelope;32CA12F9-7E99-E680-648C-DADE1345F491;ultrices.sit@quam.org;1969-12-31;51
Callum;2457D8F7-8BE2-095E-D4BD-71107369A12B;ut@posuerecubiliaCurae.net;1969-12-31;52
Karen;932FDC93-13D8-503E-36E6-D01B13EB5895;nulla.In.tincidunt@Mauriseuturpis.com;1969-12-31;53
Shannon;24614C10-5848-9BB4-2A9D-F95117097B7B;dictum.ultricies.ligula@montesnascetur.edu;1969-12-31;54
Aurelia;E08D5A75-8F5E-4A2C-C8A1-2DCAD6C94FD4;luctus@feugiat.co.uk;1969-12-31;55
Grady;E2049B26-08C1-49C6-FF59-453299D4581F;lacus.varius.et@dolorquamelementum.net;1969-12-31;56
Alexa;AA2FDFEA-91FF-419F-3455-912E360CF58E;vitae@egetvenenatis.org;1969-12-31;57
Hall;2598A48F-3232-0BCB-E0F8-81C5A7F87E86;facilisis@semmollisdui.edu;1969-12-31;58
Akeem;4397CF9F-8BC2-C9B0-E5CB-8D3B741CFA74;est@lobortisClass.org;1969-12-31;59
Yoko;39C3BBAF-5474-9C41-959C-7CD2F5697826;amet.consectetuer.adipiscing@porttitorinterdumSed.edu;1969-12-31;60
Zachary;36DBEB71-2C59-0622-ABED-C95EE4E83A69;magna.malesuada.vel@porttitorinterdum.com;1969-12-31;61
Price;00BFFE6A-CF89-3A4E-BBD6-35B31D512B2C;Curae@etmagnisdis.com;1969-12-31;62
Kimberly;C8F4FEBF-56BB-8623-8992-89960435CF90;Nulla@Pellentesquehabitant.ca;1969-12-31;63
Vladimir;6898AC04-F796-BABD-FA8A-96CD0A5708F7;non.quam@utpellentesque.org;1969-12-31;64
Peter;FD4943A5-5466-072B-C0F8-ED2F462016C4;mi.ac@luctus.net;1969-12-31;65
Armand;83896916-ADCA-5CF9-1884-C11AC8847F3C;ligula@tellusNunc.edu;1969-12-31;66
Merrill;7BCFD476-334B-773F-55B4-0571D61B8CE0;litora@amet.ca;1969-12-31;67
Duncan;3FB669EF-4DAE-2718-AD5A-CA02DF9E1446;ac@arcuVestibulumante.net;1969-12-31;68
Jason;1A9816EA-2627-45C4-3E02-D7EC96640F2B;elementum.lorem@ac.edu;1969-12-31;69
Bradley;247E42A3-2175-2D16-1045-EE025F71F616;gravida@DonecnibhQuisque.co.uk;1969-12-31;70
Camille;16F76BAD-8886-16FB-F970-765925F40961;vitae.posuere.at@nibhlaciniaorci.co.uk;1969-12-31;71
Martena;1F7C5B4C-71DF-E2F5-5C0C-39DD4700A2CA;nibh@ProinultricesDuis.edu;1969-12-31;72
Rogan;0DD83DCE-F0E9-40BD-7F0B-557DEB6EB617;cursus.in.hendrerit@quis.net;1969-12-31;73
Jayme;F4FE0DD6-1D03-4EAD-5762-B2BB3868533A;aptent@perinceptoshymenaeos.org;1969-12-31;74
Brett;AFF5306A-0EEF-5373-E428-9072026DB18A;semper.egestas@pedeCum.co.uk;1969-12-31;75
Medge;9D4F09D6-0933-DC90-04B3-FDEB77C11648;ornare@libero.org;1969-12-31;76
Veronica;90975585-E2C4-5377-33D0-EBF1425C52ED;pretium@lorem.edu;1969-12-31;77
Kay;367FBF5A-3AFC-3C14-5192-36DAC8E16E40;Nunc@nonegestasa.com;1969-12-31;78
Lois;7F6440D2-43ED-3A5B-014B-39BE5961FDB5;eget@sodales.ca;1969-12-31;79
Whitney;356A9975-B1C0-1B20-842A-4EB344C304C9;dui.Cum.sociis@sedduiFusce.com;1969-12-31;80
Keegan;D8A7FCF8-4AE5-A303-F46B-3974CE378857;semper@ridiculusmusDonec.net;1969-12-31;81
Evangeline;123B40A1-BD0E-5BB6-51E1-1A7BB5785CD5;a.tortor.Nunc@IncondimentumDonec.org;1969-12-31;82
Xander;395AFE69-CE79-3E99-5717-154816F98C49;lacus@non.com;1969-12-31;83
Vielka;095F8FA0-3899-9C7A-926B-759E410F6BF5;ut.dolor@Vivamussit.edu;1969-12-31;84
Clark;09C0340D-13D6-1F01-5B81-B01F4514806F;interdum.Sed@doloregestas.net;1969-12-31;85
Seth;87F794FE-A601-0574-B200-487570FE0C29;lorem.fringilla@ultricesVivamus.co.uk;1969-12-31;86
Tyrone;DA144B6B-371D-A06D-D3FC-2B79DF2006A4;lectus.pede@penatibus.ca;1969-12-31;87
Isadora;A58F6186-98C0-3E0F-9B9F-C9DCE54A6CAA;sed.est@bibendum.ca;1969-12-31;88
Aladdin;3455AEEB-2098-AA98-29EF-7239054B64FD;Cras.vulputate.velit@adipiscinglacus.edu;1969-12-31;89
Shelley;FD991C48-C17E-C4FC-BBCB-0B8D3AB1C9BD;erat@tinciduntadipiscingMauris.edu;1969-12-31;90
Beverly;4CB71B92-78FA-2A0E-0248-47182AEE33B3;et@orci.com;1969-12-31;91
Thaddeus;B8171B8C-9F9F-9169-C7DD-8168870B5554;scelerisque.mollis@facilisis.edu;1969-12-31;92
Leslie;CEAC506F-37A5-EAD2-56D9-988B6839439C;Pellentesque.tincidunt@tellusidnunc.com;1969-12-31;93
Brenda;2F9369DC-2E2E-1828-95A9-57E7CB8D8152;dui@pede.edu;1969-12-31;94
Anjolie;8D9B6226-9EE5-5CD9-CCA2-DC2846AE43E1;in.felis@ipsumnuncid.org;1969-12-31;95
Ariel;127BF87C-245F-1368-185C-FB0794151B19;a@ullamcorpereu.co.uk;1969-12-31;96
Tarik;C7C589A3-14C9-87D1-8244-37039129C2E3;Morbi.sit.amet@aodiosemper.net;1969-12-31;97
Micah;96CBF209-3899-DAC4-07E2-44AA1945D42E;sed@hendrerit.com;1969-12-31;98
Kirby;623EFED4-847A-7968-D30E-CF17704B802C;eget.metus.In@aliquetmetus.com;1969-12-31;99
Sebastian;EAEF8B9B-E9BD-9B7D-A0F4-615B2104E73D;ligula@quispedePraesent.edu;1969-12-31;100